Cd,F,Zn,Pb,Na,K,Ni,Mn,Cu,Fe,HPI
152.9433469447082,0.04566038760633931,0.006337870126144329,63.95010403351614,0.003791315979645113,0.7834318598529649,114.78016779593761,0.5499031403601555,0.011536916664276167,0.10473791348317366,118.81554172774312
380.5321510319169,0.3766346957820221,0.006557180678063918,9.906596754398276,0.00012293458229400755,0.7239809976682992,88.50100313508084,0.3244870316752226,0.004007932887734229,0.19522675083256352,180.8336271870913
294.137607015505,0.38303823391097347,0.006354020968553494,56.0677596567596,0.00011061775764498627,0.04820667805158917,42.3901690202477,0.10319334547285532,0.013469609057066496,0.025984492737768025,154.5161463133961
241.47010125782947,0.4498266320337625,0.006177405067514111,175.74638516896826,0.0016180510957477063,0.518459263162973,35.58426975451863,0.42058047971959345,0.010714089861775019,0.004372585313026618,127.35910465498051
66.62736297476243,0.5110030202686364,0.006241271742201202,127.58451607656438,0.002443215952023329,0.576491471990927,41.964387569501945,0.4780241967585701,0.020959377912580263,0.15426148413966212,95.4999384439906
66.61783553280004,0.6833379348291488,0.006921557536065452,268.0161699009385,0.0038520370890389663,0.6042459435363817,92.95842374174183,0.19688938946984075,0.018961818984675326,0.16162395193561163,126.24900735761673
27.943026806438787,0.36624724032782474,0.0064126674368115855,245.5981813980554,0.003416476883032526,0.8744568301487251,79.36447332844973,0.5157357616292643,0.012208624389531119,0.024921238594994673,89.41118634444734
347.1395775810994,0.23283996632945972,0.006728539722096151,103.86157080596703,0.0022295135318837417,0.8050677946230489,22.223468144096152,0.5446245203118022,0.008100991519139723,0.05385098375876261,176.25210980932454
242.44042963856748,0.5586784743904055,0.0070068345417097135,79.30818316252515,0.0013681333314083295,0.9157785882622325,20.89312024009012,0.17337364755290727,0.02966500705235657,0.004492920309959153,88.39761939746315
284.68866822943795,0.1968742533708312,0.0073807896572587305,115.14833763384554,0.004985622500788556,1.149676059697771,11.807477965607678,0.590277668901981,0.014712045393491215,0.05936841354533238,158.40473891025493
13.130875246841967,0.3128902802868889,0.006078624279682198,177.9078928694127,0.0021309065111798646,1.2213487506869793,79.23632636416058,0.09301980154876746,0.021271678601846637,0.15485523290981565,49.94486302316987
388.11439160398777,0.0641349031261635,0.007598820797818085,81.88296496521713,0.0022569351216483774,1.0800033835774767,91.72471946660832,0.12918924435746906,0.005935483092194101,0.10407414501480322,166.533858852244
333.81484311616657,0.02749201295666568,0.0072558007789818154,187.99637453904194,0.0008181191059583459,1.4337303069728526,31.805571399000485,0.11869265515043541,0.015596511590463137,0.07027102304048934,164.26578192808057
88.87394871791908,0.6742274061277682,0.006163518063897744,124.00467235298964,0.003974047743749647,0.03716654818777883,2.5133953237095374,0.5374539289046435,0.0027710281563450337,0.07497611968635973,95.41944452663373
76.82086204680475,0.586826283153422,0.007747157248213555,166.51005989389012,0.003468411128907443,0.30170919866848367,9.860600097171282,0.3960326058717275,0.0161527433014926,0.0012693715173781627,69.60284470379736
77.44478139210636,0.49022220220465157,0.007841744801063626,131.96570568232437,0.001103848063943802,0.02126868371743176,116.14320418140366,0.09974152710114098,0.028992487399295663,0.060660304985481944,118.67735153056168
125.1756859690174,0.2921775316458462,0.006122155919709727,89.75079634349147,0.0004119052280792135,0.9747373240903585,35.45337329729043,0.2697908168373259,0.012757787963602406,0.12964528958594818,71.62557572830468
212.27879049473395,0.12957308084888358,0.006553755296294408,284.6390854747227,0.0034024965103735655,1.3480655179354806,92.30677774057604,0.3730258347911832,0.0030918883520975244,0.19486469431945508,150.03867432219414
175.61828236363573,0.11794155944304936,0.007612402559586123,229.5545266596087,0.0032725560714056763,0.37278862189868595,74.95962826251166,0.05924381014373614,0.0028667621457416186,0.169565104569796,128.04176001022893
120.03551037822656,0.18266759973357077,0.007496519380767317,43.75372637840286,0.0013662976349910465,1.391281471746497,45.83275675834751,0.5306256573603298,0.012863629278512345,0.005695397964460296,92.76740618409224
246.68189341533989,0.3889663986472231,0.0063690420387127545,260.803456817578,0.004754317811252052,0.09979841153144567,24.682471463466612,0.48412608591050577,0.006480698220969433,0.17981356033029303,177.536004286526
60.10007495755652,0.503071186663043,0.006418698646673421,147.25449707835506,0.0007552894589045012,1.4023096799402164,14.566370179128771,0.30807199641021654,0.0026538586971892055,0.15685648424642656,59.4709984284933
120.39713617141118,0.46553618993523455,0.006740944205582764,268.57656361443924,0.0021616740052130094,0.5339178039870552,73.80155616466399,0.5806047030029106,0.02317398119060495,0.15629484859062512,143.0471331205865
149.71292810100823,0.20315438889270054,0.006969045970382043,240.35686627229992,0.004718079600837995,0.16111703438933261,92.95605367653455,0.2564789777723088,0.014838644248692938,0.09214115604171073,155.9919520864186
185.14764376572919,0.6688570436576039,0.007236509543060592,128.71362433183157,0.002098636584630612,0.7339489211876252,77.26851042493568,0.5906250882315337,0.010098853615234327,0.08020305329794607,146.6555822451004
315.14450475024034,0.5191488725200802,0.006737827279139545,8.695853879394985,0.003192629738320428,0.39259708590355685,63.636255989899,0.40407279929414,0.02720232912446146,0.06128023003780533,167.2130305738833
83.87114395255209,0.3925042962328665,0.006925069432266296,82.06585309671394,0.0019879719898139715,0.434460623923265,5.034146811796352,0.38445605121982546,0.005251890885614717,0.014073276931918791,51.75417065688427
208.12260317337658,0.43208731490170305,0.007494941876267513,163.40699596893833,0.0013710760117433502,0.467862047740167,116.21865331132605,0.10791338822451314,0.028765727210748937,0.04641883733524613,123.19801824909906
239.00375470050676,0.29952404307517505,0.006073366405781196,190.77650950819188,0.004919888239799141,1.2065085877706685,95.84570299854894,0.53033737739974,0.010791068086565879,0.0500741233606269,158.9803564728517
23.3479130243991,0.18093438275579865,0.006504873888688042,78.85053025909428,0.002046670031575215,0.8133503022461291,35.138644404115766,0.2622189158731629,0.026875302824643073,0.09733133687233013,43.49519747588462
244.98021650106816,0.2556211482693705,0.007426699171769105,43.52811007370159,0.004470496018395672,0.47384847174244543,117.59643952306207,0.10571770941166281,0.01888240054142492,0.1497414369127421,109.43297970542515
72.35702885648016,0.5329138162204147,0.007790413675374399,250.80921056619113,0.001149773029455431,0.9193973371332683,72.22579075635865,0.017438436785697835,0.025147806072761646,0.09528815585119138,95.89257409160544
30.69537922918541,0.01993150715453155,0.007023354884231332,295.35184984965855,0.0010655235201254166,1.0770645045925584,69.89071898486958,0.3402558533466457,0.029552368569892996,0.01251104543998496,118.26696171637155
379.80978721506665,0.09009012194977219,0.007064226970530631,158.65567432620037,0.0001556704144225568,0.4162097610929653,89.76878153154385,0.32116577705237903,0.010075352258924879,0.19160017039665259,212.04178055727368
386.4246530644509,0.0417418229950094,0.006214344022679552,53.16042718279444,0.0032583341268794253,0.6261881612727738,97.41237457081651,0.43441863719780355,0.028911793591412598,0.18860213949972834,185.82114154332686
324.31695250600217,0.03810287360008939,0.00689482473364691,83.14758330277195,0.0018426317186188057,0.19161027907205186,78.77743287978032,0.5352522512805032,0.01290549305726777,0.15725271908653327,151.35406483111493
125.32243882348142,0.600267802967595,0.007065234532910046,7.480421611145086,0.004321791249198186,0.27991253080667367,15.371489563944003,0.05684988493938742,0.012794333332633823,0.1982742524112799,50.09131775873182
43.58048503252163,0.4955239229722163,0.0064849410072694595,274.4610443550287,0.002366049533457786,1.0248656024078244,40.59210071933981,0.4415829293008138,0.011530838919126159,0.10935198422725233,87.41259315140643
275.27204547230195,0.33717994207025437,0.006538486461898762,37.08982270126206,0.004840967139573609,0.28034313806648414,111.37003683912597,0.1205730470175735,0.017159413005732385,0.192590901700388,155.76610323817144
178.86023502714252,0.077505570849191,0.006754568326209245,173.80190970324756,0.0009276275785156057,0.7924934416639197,26.95387342126223,0.5163244613627267,0.006316061208997638,0.016045403082733403,148.4642891506801
53.205102763687634,0.3492149538306143,0.006040142395555453,83.66845576478738,0.004343115839778054,1.0664789299664248,44.6600428605016,0.4932474731783771,0.017503921590024313,0.0737704689040129,16.195434655951857
200.59487949395174,0.3366955218385903,0.006644158331166357,167.14504474970644,0.0038829842639587085,0.1692466154111683,51.84922595330352,0.3290683154414712,0.01716773474748011,0.04585087233334641,119.59202027052373
18.583465840511266,0.12950929023791047,0.00642289601399309,196.12327572885553,0.00385460922322026,0.8552952072470663,52.72859876333426,0.42904325118775377,0.02333325075293636,0.039970783742719736,44.278646205266185
364.1815588211189,0.3093576379742014,0.00665499470435583,249.2630575047461,0.0042239161405844385,0.392278547715032,73.55274989934306,0.19546656677841154,0.025342198934252394,0.029019786829642544,218.50084837694004
107.21809273200668,0.2849682667341877,0.006239524263638502,63.51353898465975,0.0038051199547149946,1.444761044103994,113.16910052936491,0.28798906037036065,0.014332357808747871,0.12486031467163335,77.27898849643667
266.6963023198229,0.43493656765602934,0.0077810545614797905,5.276756940227182,0.003131101608157077,0.7304830136126879,28.883125419900594,0.4947657696491783,0.010465330981841825,0.1564830492937137,83.64197942337687
128.12587505531732,0.4482146190986742,0.007187184907108098,42.79191776050457,0.0006562243884119379,1.2109288991649856,14.580165156110168,0.2809664663321962,0.009261377124878643,0.11608138148465177,47.86840342477973
210.42686836523526,0.041259766742710716,0.007358204638288979,270.2055552707353,0.0001626308974562596,0.82983754781283,23.696458783192476,0.22110097654201066,0.0074494674277364135,0.03024557920805373,148.72508780090706
220.95056034059547,0.26848270409226516,0.007578342477214677,262.41924311362953,0.0046042392390784346,0.07468467395368054,106.43098802511234,0.30158534387767694,0.0036141323015726964,0.16241363021676072,187.2424211484552
78.01750993258318,0.4418433418428231,0.006996884397858115,180.02910444675186,0.00308325157260369,0.9533955496350933,77.49729751862472,0.4986670589379588,0.011588543407371973,0.12755498672558196,98.26803034499731
387.98592796700063,0.3571640184202605,0.006173840576174847,180.9540244092287,0.003982686454880881,1.427590979887919,34.30881470869922,0.20777274794881492,0.00956693537966193,0.07824497551927212,200.21743312093136
311.17746522764025,0.6009779904199424,0.007074213083637096,200.18092901478414,0.0024076117575627504,0.9064016120180335,97.91363267623407,0.11251933995008882,0.029059686804259403,0.13515192881167654,202.77231646504254
376.1020819178547,0.46449860581707203,0.007173682236041758,54.260641029787976,0.0005865409448119725,1.2305914005459173,103.36439956361232,0.43008827199516064,0.01761584713500123,0.05272109086932374,171.32544871654872
358.4568034189213,0.12242475468618647,0.00749087894836866,274.494759885638,0.0006259289610127522,1.3274676303891275,101.58172064283336,0.49732714549776824,0.01172375709285421,0.0696932494903479,235.57183034218824
241.17049163037862,0.05869243570629659,0.006863319092459359,126.79361641783778,0.003427826436144857,0.3498388602039094,110.27118403674653,0.06937611232888466,0.01825309282782349,0.18357968278326606,184.53143573157888
369.14032283413115,0.45326930196235776,0.006255160605591128,116.17528141835024,0.0021515294744973135,0.3259468114632577,30.268922420803392,0.15152572652600738,0.005897507637679473,0.05881039662861266,213.8751434507258
39.9545383105082,0.028292804273719052,0.006567551811597449,156.63747617428558,0.0010026236335016836,0.9203616733879777,90.6050314495534,0.09376347395898639,0.01443322497766168,0.0945276653634294,50.58684680188165
82.41323065556236,0.41418515107868964,0.00672616459279727,15.995858098966403,0.0024579727337071845,0.6224324200119901,55.2647396728968,0.2152854328334783,0.019534560999789785,0.17813808634180692,62.67580443273209
22.864779119662536,0.6587588665832207,0.0072918344826632025,51.55244388931166,0.0003210446853756704,1.2613933412714133,101.03982634680739,0.27570707755419344,0.015689139290188638,0.14183654870323797,56.02970989955057
133.50548065148942,0.40707718273435645,0.0071415566093378235,221.9340176950584,0.002909857009571994,1.3510344538630366,87.41888125939359,0.4518075388083508,0.013249806418321079,0.013378442006775848,110.16440018708693
158.5275294273454,0.2778372490825001,0.006712193451795693,26.674003041687687,0.0013449670221754883,0.53659785516105,93.17369357996695,0.39417707508018773,0.029827754889191545,0.0303133058115151,101.79217587821536
112.18286755068888,0.4538688707252237,0.00797303049758596,181.73932862098368,0.0039877955031859405,0.36293713287197826,78.73942052172858,0.3763478548122744,0.026648813340169955,0.002560476563611447,141.99042848957072
332.3513161150121,0.32619449443914644,0.007211549638713774,75.11403468503364,0.0015518097946178688,1.1729830177133542,21.291452336364824,0.2179012184996961,0.01945536682846432,0.12655343625560353,136.24437715173403
145.91756404396776,0.3864755846279951,0.006474453583471989,118.01009298450901,0.002276100745409006,0.4194609929667228,65.4032302676326,0.5064540563200083,0.017942566113103915,0.09008701165667325,85.26670572337117
115.9691313265154,0.6596107180558023,0.0062035649452408075,88.03073355766855,5.810269954050318e-05,1.2356953345853807,118.16036874294099,0.2880594287649171,0.01937849343508835,0.027720695329552833,110.90317073230779
219.36495284750814,0.2764108200825342,0.006305718278368664,107.99046950655485,0.0003622344389727944,0.6413699979366566,112.48656797965427,0.5876719134289411,0.007636739019028131,0.19162889009029732,142.49116700593265
60.665068865031245,0.6732214890385008,0.006491915456769017,216.27567974490515,0.001962467782033424,1.004649349944291,5.1808482956414,0.3841438615944847,0.013063856811400919,0.10640228506517836,100.99200299622352
321.8678073978457,0.6346919429496839,0.006321362746519112,90.54227125570615,0.0023996941735856176,0.1523476176136556,19.777777887532455,0.08449619752305661,0.0031048669209451808,0.04913676552846495,165.70218296209686
34.44750425350948,0.14509588300461454,0.006373134048102611,170.78858280847535,0.0030001027405965187,0.9395503937680938,15.807452814547428,0.40894476162450605,0.015315289049631146,0.10062011065978681,75.23262487673965
394.82033995720434,0.057859297603864164,0.006570190337387694,143.8630198553317,0.001458312893546516,0.6831338413184714,87.11758919823546,0.2018113691047024,0.017204688350814568,0.13624444621428647,187.64655189317833
310.0366838721797,0.07953682095042437,0.00634674719058951,199.77400727806915,0.0034749094306327126,0.8840466101314565,98.1342395828334,0.41493304604479747,0.008376992610889868,0.016171604376739333,219.64038501779913
83.4926942059981,0.02257305969956931,0.00779353084925285,281.17526231877787,0.004300611985946023,0.2603411695398465,25.62136395728063,0.05108827741581939,0.02899280772063438,0.05566605919453051,144.99220526797822
7.181236263822948,0.07516564292159059,0.006160467491323284,220.3064849686546,0.003899254944466749,1.1079418799668315,60.70232315421948,0.11318004793381603,0.027464729106242772,0.16158613268591474,73.50263365828972
327.1072642396595,0.4812746736572862,0.007049022779140509,66.05223282004552,0.00019809412674178572,1.2955676455394105,100.884363361344,0.514884982754414,0.022220010592765363,0.0924733092101296,164.9638654302746
284.2086508198088,0.059120167437558,0.006820793653979323,11.292574248262833,0.0024025347362891447,0.3329423021352557,87.93618537195007,0.1440359386438738,0.01693482560543015,0.10976885126442669,99.65487542688327
292.95783137619,0.23009318490269529,0.007964757233817213,80.15468520134787,0.0005246508920908744,0.15261468772504097,65.0684646590218,0.5038542638933345,0.02635913647013518,0.08713038443968439,161.3081256213508
309.65178694094857,0.5929639645689236,0.006224077804336104,179.33322334867594,0.0012102250793126373,0.04522149320904123,70.84172285505275,0.17477289218810216,0.005658265627056961,0.009736088585958019,199.74365169688943
34.2476374349657,0.026057635657719846,0.006795711198091484,17.324892418306604,0.004933312966335732,0.9665375356604664,61.003265629953596,0.3893003269346375,0.02413427423969678,0.03398420618421103,26.830025003837513
146.5939627749877,0.5719832529863657,0.007938940866550738,149.91714166596844,0.0007124777145075662,0.9145701137722834,35.70581415825847,0.41954883837080026,0.005494982791071752,0.0896627861096363,131.49161304671023
50.768278512426235,0.20447979459364596,0.007731014251787961,179.859168977233,0.0024944407672567804,0.8245791449439643,67.80263914308193,0.3124663043555812,0.02423789855138335,0.042627907616177636,77.7784102945905
345.92585322085944,0.0915337310589428,0.00763414414189856,101.60467946345432,0.0030907786715905954,0.3556011732128034,82.66623624601088,0.19013329925107145,0.009721491911037994,0.010945826703276068,192.5568326068011
251.20276009688538,0.4907486441012639,0.00651580565408988,231.73183671625495,0.00351232485272052,0.5924499338992169,104.79874990329692,0.13546018205894672,0.026558536268509285,0.16888628314631293,165.3508817150598
135.70471981679643,0.44397056427811993,0.006341775174780132,33.766279433864,0.0027982434174345706,0.8957697394273978,76.35496247750977,0.029581719191831467,0.028433178627111137,0.19625731330365906,75.41482968952553
30.105548362979334,0.6154556893336665,0.007337286439848862,24.39105895727101,4.8854237095918294e-05,0.7501826197001624,91.33458444517896,0.18932837673202704,0.006166287143343238,0.15883543192535116,29.60015014439632
127.83801707768657,0.5171990202246811,0.007858751978255172,219.0002493486738,0.0016323065412199595,1.4818004251201822,19.20859619454876,0.39536604641345696,0.014954916941831016,0.17090319941922874,124.26400980768874
133.44741220056508,0.5644018419655454,0.00711352578602786,149.65641222944714,0.002588558216923557,0.21329523130953237,55.38689693037479,0.5635998428846047,0.029467646588555177,0.04915344893309203,99.23140610209703
293.1944404435353,0.20460385507420148,0.0071432253789398,207.14391413546534,0.00043933249572416675,1.0457653855309148,1.1197943792511955,0.5240106445352006,0.015535408207248105,0.19216476812712677,177.00293563469998
256.8352011853092,0.13243328520800873,0.006559958187320568,131.5785469039164,0.0017531346560459037,0.6124349644753952,29.601463742594763,0.4619782181558285,0.026179330630407262,0.04018821518623225,163.19890031672728
355.44903331764897,0.5279241786321922,0.007538985866383874,75.42780590525383,0.00016601554395683283,0.648017426239166,87.17540581356059,0.4751839325194462,0.018484482619676952,0.19033453226200464,169.19122238765084
191.52489543896996,0.5667159700944121,0.006374087497115047,246.09249066691152,0.00039289248577510373,1.0792206708306826,119.01719416192361,0.4023410930508372,0.01250923742174885,0.19896903949922426,136.20018714494483
52.239727145629175,0.6934485479804645,0.006647358472808488,240.22593193275583,0.00198461638100798,1.0417298654733107,11.901371950465908,0.16356924596394176,0.010001939554724365,0.1426328383434637,129.76828398923698
286.73169095308305,0.29470619706888423,0.006850872877232834,209.0195483146192,0.0006635787702153018,1.4869714306162607,48.17931790335459,0.5452450681164396,0.007690246550410443,0.19624760262657256,212.30220231914646
305.5100942036745,0.2666924791970204,0.00701522075736891,83.09925089452888,0.002837704241307791,0.2013074912866466,96.00851624389914,0.40573206402444206,0.023330349358575517,0.11433841613385363,135.72006441827324
226.70449303995102,0.5457249429119778,0.006484819464830161,177.88873872698795,0.0034473248456863286,0.16512337758240786,24.48427615546786,0.34065997227845957,0.012823134191044779,0.05264881485204198,161.54150321547712
309.5320360820516,0.24515444277458232,0.0062296736494784075,109.57022128812798,0.004002933495545415,1.0892648375218243,66.61019391627435,0.07548378683595383,0.01631571294162103,0.08796218124745855,156.6323932883557
200.04926056393435,0.6522225546664596,0.007221240084883266,29.291457851336975,0.0010007512212240504,0.8717965063395495,87.96855552356098,0.273762770845791,0.015785113440033093,0.11911862614037841,107.3030874124836
211.47946760588766,0.6023047987716781,0.006577261106480512,275.35944548774836,0.0008374129112953488,0.4184993931741107,73.91825403122148,0.2816113800091365,0.01816381281852767,0.015543230843375985,184.19524788506087
173.8787022516271,0.30600587888876263,0.007162476442845225,42.771952013850495,0.0005228392016720012,0.12833485979359005,22.562968153849937,0.5200925296183753,0.026236160077487462,0.12484630965883198,81.11590335877074
15.0405550639176,0.5281010367761332,0.0063087254305484045,285.17073143859915,0.0031821512477181835,0.1376307918986815,42.64614824228873,0.3325224499107952,0.029460701620336018,0.19625438951569663,82.32212660010369
47.61711366235526,0.5306345831184308,0.0069622802037096355,134.9097203414708,0.003532378632434506,1.3423444032495362,94.05501413824767,0.23443632389254168,0.013412357840066873,0.0388314223069618,59.84322962880471
17.414528346260028,0.08115546949679349,0.0070651788651031715,57.169612793908655,0.0001579307241282102,0.29588231383092695,66.507181695842,0.586312193821289,0.02517052981897648,0.1587264281413883,15.809051870828977
256.38211244919324,0.632761505608901,0.006103647073644854,163.48648231875072,0.004681061231218449,0.49182362755212594,0.6275536251495284,0.07532515006252624,0.02340677825033209,0.18167185996214427,135.078667715503
129.17061252514904,0.3586241369890214,0.006673208556387841,262.1378590911697,0.00025985641825736205,0.34771803931821216,91.31889120337127,0.2593035727040473,0.018058810640756047,0.18879661697122396,142.6920296655598
205.8854230100576,0.5802556516143417,0.006268829353877949,220.20301615004922,0.0027064816765053523,0.5389444956895866,4.237362592828688,0.03479455835112912,0.028769320021134123,0.192066985276684,134.75597061902536
363.48875720080673,0.2308342247111221,0.006126749940945536,242.35522206271202,0.0035453025972545823,0.11344152569167912,89.48805392774786,0.4465434312524889,0.007613286434795277,0.10477046810557292,245.19699140713544
103.47043051380561,0.6279110276623783,0.00797992046477989,198.31744327979376,0.004354845618730428,0.7833990884533228,24.29766721982849,0.5516651657974988,0.005059397888669399,0.19548427369030924,134.32073471823696
167.10125459907374,0.2785491583265725,0.006644707689949446,208.29841622632003,0.003570434660662139,0.1107427197524002,114.96881761432563,0.17522202443478876,0.02591093507475182,0.15170473121975334,134.99457258318998
303.4426997245042,0.017477979521405868,0.00761974889170927,255.06030416646516,0.004008640415348959,1.2025311966553187,44.15289015625014,0.5164215893114813,0.014296194865744951,0.03317261581115542,209.34024398450924
95.37527536919087,0.6347135637292919,0.006509281309527528,76.40106664003741,0.0016972509627140304,0.35823100204654523,39.23179396056949,0.18240875597251968,0.02571512791779769,0.09590312118712603,76.97154320596347
35.407064382373235,0.07298780698243215,0.0073630054444478584,147.84863916565587,0.0040741255687325615,0.8146177527607208,17.86656603989336,0.5473543953699099,0.02700652574547162,0.1439479038990288,70.67745004000983
119.45182390093836,0.23032640993738626,0.007520455719779374,67.92041366224146,0.00040057423192337574,1.3213178404665729,36.67250585882579,0.4548375231221025,0.003748812621334,0.050220722847997584,75.21114984547437
68.68240846533175,0.6655427572650554,0.007191277481215688,296.32506638300083,0.004474083280302638,0.9798072798803193,105.19809141938407,0.4848949983364488,0.026737013363609695,0.1284824215262286,147.04669773955865
372.23057267531635,0.6659189313869137,0.006943152377100317,283.32968322661077,0.002737961880768681,0.8041071019614896,119.56012051526967,0.020623867804268156,0.01455293355034382,0.13365349533027723,261.48889894199795
324.2075499279447,0.4056721428050674,0.006823681828294537,13.749189787814757,0.004086488849812469,0.49325729214190966,44.1971436608218,0.5780581106736753,0.0162921096921185,0.03337724901790461,115.72160929742928
255.19448382161727,0.44596767639716145,0.00669773653308599,212.26140140967516,0.0022615914225915007,0.5061728504567149,53.83327571454511,0.4387358853214907,0.019544590310609886,0.1134519771780985,191.24939570778656
349.2269331241485,0.3194274101650406,0.007859058288495651,277.7239985898684,0.0032178884759826248,1.0075355632453031,86.64851258432844,0.18980314627781866,0.02793871298844243,0.15455375528474294,253.77716971088503
322.4504703751502,0.2123154324716645,0.007661238815575459,55.81145284794539,0.0026320133046805663,1.4912676482195397,106.34349365580894,0.4993428522667197,0.0025352506440333928,0.10028023724265245,146.44912709375225
78.69517325998416,0.236778536305242,0.007930053821333025,171.24767870468358,0.0036579476087766592,0.9961403928755741,71.1653201024141,0.17609750706480867,0.015351617112898877,0.003408520238445378,94.30265605102399
357.5608044035412,0.47403773469315647,0.00624859444697109,274.81551268123644,0.00040814991015294787,0.8410972918813371,46.98308378133952,0.5249247653440154,0.021256217188055697,0.0027986553467791433,246.21883967508842
218.04018555668205,0.5291384253119992,0.007461734950407289,12.115901618568055,0.000301760419952819,1.0986692602564767,49.514620901834846,0.07642243034304283,0.022235794815550394,0.07204883945003243,94.11049058802321
323.9388612898047,0.5561895401708354,0.007876680913642076,209.8312396395583,0.0012355161700507323,0.70315636230274,83.47417757961682,0.42517472670186945,0.02139090808303902,0.1853126196179246,226.54571880713297
358.95606346977985,0.5548365185282421,0.00636246613233132,90.61000419702013,0.0007977234005659417,0.09961209047516996,0.3861916325134418,0.32901210122049707,0.005764183623427411,0.04650667914111815,218.12581054588878
130.61137261388623,0.07293221110359635,0.0061329925347335555,277.47006622220607,0.004358917832961009,0.8478222556580857,74.35072049518088,0.06695533741531008,0.010383076474407074,0.12723837408546576,130.9334252388022
48.47051018843232,0.3511500102447812,0.007482241298580118,291.37535705927957,0.0010960699367902216,1.4368616739130164,42.65916125296289,0.152717358672715,0.012044034711676376,0.0451930982679708,85.59970583280166
95.03438920406697,0.049715544411484555,0.007148946226359824,283.3914137558033,0.004879326279095657,0.2712013841129129,95.30367975325011,0.017318381403615725,0.02452424181502614,0.06501232794225018,143.40965975221474
173.70757650737124,0.3891749288033775,0.007683657553516544,143.3158365639242,0.0016844789588555344,1.038107287322792,11.15887677877586,0.2865730996240584,0.009805276427607484,0.1697603758306953,128.61504351546128
328.11583253938477,0.31465604594763014,0.006279544753252579,258.88870999481543,0.0009105895784434964,0.30939119610199417,70.58427203380685,0.18774650384840022,0.007899738988281689,0.14604342701171943,214.90486769853234
344.98858038625565,0.6225158861032268,0.00759053462371978,253.67572076345098,0.003948492535712396,0.8083832498648911,57.71674678633485,0.3630309157356777,0.028808544533066693,0.019984456185328917,251.85096333031447
7.746091559820328,0.2521313586609343,0.006403254640095489,97.09194102649018,0.0032935388775043807,0.15404790997361223,77.07906310862728,0.18537030654808415,0.0022481719831771293,0.0863117021763003,17.032763520957438
206.74518451813847,0.09077624133504804,0.006327311885731409,249.01681129690184,0.002490978582265695,0.6810526950246959,7.782431337956202,0.18695227578912096,0.02993898395909539,0.006804782965407629,172.44352974416879
169.8773462437677,0.10866426061645673,0.006328531595861986,13.028275145216801,0.002776817754688156,1.1366833600539166,69.59805449137575,0.448483987251646,0.020950996368007076,0.09669713917399879,70.21643810466043
92.73258513593845,0.5354423358850559,0.007629149440462764,179.6884237876518,0.0035960088913613193,0.5278815711160832,67.37815055514285,0.03840427322722853,0.025197140384575274,0.13282436832851255,135.51099537572708
52.346820096804706,0.4365704636882201,0.0073303944413924006,70.5426335117355,0.0011422737066564936,1.0007184694859548,67.27921132994051,0.5427080471632725,0.010249343097693408,0.024582022096032163,92.08172465771814
138.35799270443303,0.07977464652472525,0.007046130849538239,37.92893196162908,0.00498166958028371,1.1952204415766965,72.41851999157458,0.5128356858907971,0.0024008277746776796,0.058488102842923974,62.28700633765288
377.4493330454451,0.06803369621934822,0.0067176609682470054,24.93205408550433,0.004873965810733916,1.3914949510243844,81.17615246716346,0.40400476310357986,0.02266034651972284,0.08016948847492923,159.67702087339768
132.66515814819832,0.49366870070679275,0.007754401081626217,209.49405521168563,0.0032516284317346844,0.3596167019646258,96.59867996169237,0.3600007263633567,0.025356048716018917,0.1839866739065539,147.6303746202926
209.9222955886296,0.060206474391293535,0.006784890214845271,103.2827392028837,0.0009977122546457257,0.6049807145558691,32.37848641538572,0.5364584739023948,0.02273333169469853,0.19865774806916986,112.10881024634712
282.69248876359524,0.5770834409103458,0.007633198878943154,217.9804979155709,0.003401141212156457,0.237099859862322,99.00592922160745,0.11934480592194151,0.00599980804442348,0.009937348500127556,192.42744367999097
148.63369293982112,0.4973071367379824,0.006878269817140437,21.476189558084826,0.0003609920448958792,1.488800418215979,59.79068187161444,0.056591805692588884,0.02309598182319513,0.15244057677558304,75.39610593482098
388.8539226747795,0.06613065864291083,0.0067538888588498155,95.95652067352188,0.00015326251102903033,1.3912314422072,9.246993496119739,0.1513110002466275,0.023529837899013945,0.07497308921406631,147.3415817426629
385.16668150213394,0.06853802271878241,0.006925359571339213,162.76840512785049,0.0012884144425560685,0.8145361241180338,7.026111509277504,0.47880118443311226,0.020439134438761532,0.07909917905966653,203.70749350109475
104.45400685101885,0.690781309165811,0.006602755748328284,237.63550312201113,0.0023131147836965814,1.2646296086208677,40.1085982435273,0.030455457368625156,0.02345124611827641,0.15109872969605753,105.31684322079825
201.41315982749225,0.268246849071723,0.007495218760352503,96.98824587375684,0.004341362527041903,0.7862273861353428,94.18763725337611,0.35385603269925886,0.025685800310976496,0.18376685999693634,113.9615319581976
123.84693237762401,0.2657430814761547,0.007005440780184958,188.51563017822872,0.00363584534883154,0.939142675124112,84.92171216890989,0.5973081345528728,0.019180915198648833,0.19023479030600715,147.75156104160283
117.51199527909971,0.5708317014076767,0.006464425390293634,266.0213689743838,0.003713532605999905,0.14279540385286477,94.63379576068877,0.5148606953641482,0.004480931991151013,0.11584739462162584,115.9142708115626
19.570344205040456,0.6636015183948625,0.007799149146549137,185.52723007832677,0.002127466672240377,1.1353529265402438,62.072286772993124,0.3176529565357178,0.015653578670681904,0.07206711070080006,89.09345393999942
245.77791192205925,0.6903407340377808,0.006767782442746423,71.42192347658286,0.0017296749627348147,0.20029309061649989,52.82387975465887,0.047548136479118985,0.004174181370804941,0.1577222680858971,122.10039337120959
203.55821417540028,0.5298309478286697,0.007087105722227977,9.27143290384833,0.0018551938149230136,1.2408407690762673,17.694303204754075,0.5005103734875688,0.013411204868908063,0.05094927526919776,81.30308151899624
25.334106743745792,0.2696191140163319,0.007812944221929094,261.2894644224771,0.004938247818680289,1.175221850628875,39.38313043311739,0.3633973198245542,0.013398981695517573,0.11325073173787004,110.26816501352992
115.06535337346152,0.06761549452208145,0.007248475991827984,8.338284433415367,0.00020054595706241242,1.0660295996370348,52.08232394086503,0.07781046826514443,0.0038482756359267643,0.07235711384344977,63.15466629696803
363.7650249568282,0.5462313719899313,0.006233796081416728,262.66109845989143,0.004335157480612243,0.06387896698189555,10.632051561554068,0.06537579804578016,0.01176697495114542,0.13166958366786735,237.3273605302102
99.62694681345411,0.39529893231770546,0.00787966424722695,159.62326594010918,0.002893377042861967,0.4616612503585396,26.47343432534535,0.5466798234675895,0.0051079467661568154,0.048839383665807874,111.10869954526807
62.23347447603312,0.3027131863804136,0.007255416106142836,281.84217415684304,0.002193077095947952,0.40203772916715586,71.78703528764866,0.40482815513346626,0.024630585880258217,0.03912699620123033,113.61574087628753
198.3338403096374,0.6353845257153677,0.006669811229314172,240.03740426055228,0.0036262883020756827,0.5466032471325635,88.27957370870278,0.49927921159688576,0.028535264727005176,0.183729578248412,152.3858516040045
394.3319293736873,0.08672626279124442,0.0062785441453267745,299.38436493893454,0.0024333447071235143,0.14058769267811944,119.80170136715395,0.5285975511665377,0.004024861307222281,0.021258932906957843,243.8445443797585
100.61183224704267,0.3499113219606928,0.007588050378540592,106.51212100460963,0.004367116190408303,1.4060671563162837,111.97359976122692,0.3473456877085101,0.02874322580416764,0.1016856236392514,72.51985215997428
270.493541225322,0.017834014889519155,0.007240145511857027,230.6221101014758,0.004503509320056292,0.8351653386614406,77.10782394422299,0.31529334753547433,0.01663214478142886,0.04494970380963878,247.95490549968633
305.8397480548434,0.33337584297594713,0.007066922183952643,121.77541225555416,0.002108604634367277,0.4652312228804551,50.54976639528864,0.2639521720893842,0.010387838982708468,0.008747062701807824,191.364163317941
98.86682987699787,0.04884926022046777,0.007787785166101915,145.00293485056483,0.0013841389861752578,0.6015024604406823,76.34128376498792,0.19699848679676038,0.004152138107732578,0.008167744839993853,67.49123980435135
292.6454577016845,0.09198436222496961,0.007577194422449062,188.9966280390743,0.002961751642966811,0.6763317853522052,94.27819416962784,0.26641161690663995,0.016017479505971696,0.035869132649059644,161.46956795328825
150.27433742410503,0.09109311027620236,0.006303349759465502,262.35578002752897,0.004561816728083455,0.9048855567073197,14.200342910806478,0.46658899688079225,0.02424643524574096,0.17348730054669406,150.6218515939353
254.7608030844639,0.45795510846008386,0.0066234441355910965,295.25687382138995,0.001053310945028333,0.7783623472677816,49.18858676355459,0.36513482429892763,0.021798421363467546,0.05721327005142831,208.83506357925685
255.2442357505534,0.524770966693142,0.006496978279628932,230.94547733162642,0.0031148329178174138,1.379894040089482,100.77627427627407,0.5365887410733592,0.003406328320991265,0.19014137494448385,197.5240877036797
216.6310002095296,0.4125244479170401,0.007487892585145354,126.49450108586547,0.0031578011004626027,0.7504755895296871,46.05995423196528,0.27159420848372073,0.004041251390301298,0.11674283630484952,126.43809364091774
40.66445917149128,0.6738990584474339,0.006067064869471559,127.56438667856692,0.003665565112076405,1.488315442086736,68.62467254726238,0.3681828514440649,0.013280451913713838,0.08788622376398446,62.35704398326579
334.944485757749,0.26866069987135577,0.007139779369742633,221.79952587348967,0.000657838425636299,1.2786231870401927,70.53232330346378,0.3824714563242733,0.010268133833342411,0.11643767809922147,217.68939627317081
131.70812566383566,0.2071413395344839,0.007524917371481381,73.1555894389541,0.003579124823410443,0.32068066639243037,22.137150376036722,0.35910132576073206,0.008506761045569338,0.10382297866002729,79.6954440914597
78.67481160794242,0.6093333984507275,0.007753531273523499,34.921285713155605,0.004545162603328205,1.3965868698194353,43.46825299827461,0.4245539261204546,0.00986812596944398,0.15199647449770773,4.122742263923797
21.10618091413175,0.1642811285784223,0.006684163497431815,107.67740297695141,0.0008984155443512099,0.1833859328493594,40.141354649031854,0.1500857463411357,0.02449751681231277,0.057216717128597605,42.18438999276149
238.4027125593555,0.6746235522140218,0.007642514609344026,87.59721951291635,0.0011877166246193882,1.2280000656518755,3.1436050238477753,0.31229462875201647,0.028018385501691903,0.07125702792846018,105.11636949611169
272.63792292770154,0.018386587535973276,0.006221263473910415,90.29981989588505,0.004856975470208198,0.5771287072801043,2.9030116669626294,0.07149263365692513,0.013342875446771858,0.1789247662041169,140.1007390024866
11.55219242650318,0.6792163904282709,0.0076929045834690365,71.61510981287316,0.0009048847635474489,1.3181817374631535,99.80364524109281,0.2368616833104394,0.027371108059709916,0.1893448461169307,100.81645902738914
207.276758028216,0.039780339245897516,0.006254977324663965,14.543770511635842,0.004271925466847896,1.303404468260101,32.76849719673749,0.297723570486546,0.011001879634940695,0.17861908726980844,99.56977815938873
94.46583120318549,0.624888748451669,0.006794574581120734,7.326432550557316,0.002461389282240174,1.2108288461752554,62.16945194865785,0.39481231313182874,0.015340235617626164,0.0844701507975054,43.075740527608545
259.8432522117327,0.37411376526954687,0.007594590731559108,296.3412721413374,0.0012361553720158852,1.1871453500975215,35.847068830652766,0.57081332102586,0.008328811938847991,0.15629273509836947,216.69905376136964
73.87473945697162,0.6951457093223172,0.006299834854697548,129.476393853287,0.004353749506362557,0.4639719172560808,112.88150941384086,0.36438412926353,0.01993332918092363,0.09579081092691867,95.01156159240387
277.92040655047407,0.060919629667425215,0.006458502790465283,116.52934085358514,0.0022265262750133276,0.13056973174636574,31.11561106389285,0.4487204105441703,0.029411471224894646,0.10001043057707434,159.22555887898116
157.76046178871226,0.39215945623691134,0.0074445051367861325,204.5348902425348,0.002574086769648451,0.6104404663600905,51.55881752867221,0.30869697510216965,0.018897806689214598,0.04173134170239951,144.36044676621293
375.0083455510101,0.6788187495771782,0.007440073073092149,67.03965858378912,0.0017961668469988286,0.26855152732989795,104.72763005815222,0.3841213785120355,0.012018794355179368,0.11863493034844479,226.98884411888196
59.320772937667336,0.37093751247740264,0.007282295265770595,285.08843281716713,0.002964754257174637,1.045477122464668,101.03202801501703,0.05185000751892632,0.02013888848773479,0.03804104365291624,101.80579625374068
139.7212086648521,0.44428506031333115,0.0073878968889342,236.3308142958345,0.0008176193629251139,0.5256885925413004,22.332170141553277,0.16009103269668973,0.0054417789970308515,0.06698137511437156,139.62880652875526
49.82204089003268,0.4900665953993858,0.007085448886695192,28.644478689053336,0.0019554076832588034,1.4636591992812733,96.31719717548525,0.22349332499103183,0.02688245424743116,0.1711510101223671,24.474686398739394
370.2539792200323,0.3236333346897635,0.0065035981178139055,126.43907118390865,0.0048470616116764375,0.9650483952445447,54.98242640854712,0.288771079453843,0.016086350621835416,0.04220808603296019,205.41595146321168
351.5490445854875,0.44301507525800377,0.006691391987007839,263.9772556535251,0.0012906671635056377,1.2354960398151977,57.95626465024262,0.036932759846406406,0.014581792777109977,0.01516049874951313,210.14608129505973
106.88694294748646,0.41317687522693913,0.006363195433602852,283.53014264284025,0.0032836833227064613,0.20746176238535416,16.017596689913255,0.09261421755645742,0.01840421407669854,0.014732510929950444,121.88010775187296
265.6936981835007,0.6317990272387823,0.007816901122667256,141.28565035246118,0.0016259503211234743,1.2944015785862075,9.67218165085496,0.1733204415968704,0.019493948158103264,0.1882161195801185,144.24354634595892
327.80276907948024,0.04135800243560593,0.007166783589532241,184.7965939847909,0.0038673656284330033,1.3849082138649575,87.35271683685183,0.5832042876316199,0.004009722574342365,0.10187716715440509,219.22109113259987
224.3043205817876,0.2038646008186389,0.00680170283352728,51.77611593543842,0.0006543683035917492,0.7357222590402145,59.57533828263597,0.20549473419079994,0.02111328219425527,0.08247300229158665,132.58056183323149
214.21197845062255,0.6657839240128255,0.0069240116072882656,297.368250588819,0.004849105225392724,0.9133168772489564,52.42208431382154,0.29440422428612867,0.008774087048834828,0.16236483762057577,157.87856351914513
100.53165490567841,0.6242820108847322,0.007894566679223631,71.03816701226613,0.002268947706918196,1.1495666033454632,87.5409874382876,0.12569765051565182,0.02199067371018451,0.1673293596541927,75.78111450920491
41.77559328333019,0.32440315942214193,0.006306702806232161,282.93406869226743,0.0011802523167323197,0.2705095546180147,91.86154787893317,0.37036024193470324,0.025030974242757506,0.06710601559000533,101.20513248788689
359.40022439156405,0.4378914924830603,0.0071724596640335946,195.5947013997258,0.0003674837366500633,0.7588234539305292,19.06898012032243,0.17560309715442485,0.024510838211470563,0.13902999343728525,180.15321744658868
360.66513257951556,0.20139301625698156,0.007011777357768932,183.10556487390002,0.0008487895254377037,0.6040079113807465,73.22701793731696,0.1321256212786718,0.017470027087420896,0.15445344035452543,205.86122086115049
255.07507562294083,0.1398036002093953,0.007222908470869296,154.78117628291955,0.0025988697427800885,0.22809724832175118,16.242489873322263,0.31477785078312764,0.01656475698470103,0.13127548668632497,144.7563585536244
138.91676746423676,0.32995189940858766,0.006036220367641681,70.73960389189209,0.0016850158821564314,0.5576262892143818,90.16501032348548,0.013248421504648285,0.006000526917503528,0.031167419885219778,138.8561666690267
142.93778197200106,0.25381303733797644,0.007744247817888303,54.60535353764146,0.0041444168294130475,0.11157674098438541,78.83461875205674,0.014521779263042944,0.023709692211287797,0.17530073361989434,94.0542676682443
291.7524931537446,0.4127227171771017,0.007864236564967226,67.70489030291226,0.0021544376183090298,0.04845974135473561,114.79375453001495,0.1392505973700961,0.009599462652508002,0.10827981599446573,126.6962049671426
359.35855268126795,0.06363689950583953,0.007130266367178418,57.55860211898785,0.0012435713629381495,0.21139777084068592,8.274961962770542,0.03166560387548447,0.015907471838902502,0.057212012847630736,150.96329882784298
355.39913758472136,0.6823324172896549,0.007393301647753784,234.31617312289248,0.0030857249330201505,1.445041516267869,6.846566538150518,0.07373519493710791,0.009959674601970466,0.0856204089021011,233.9314627271462
313.0508406137614,0.690485413690926,0.007844998762354592,106.33732723168556,0.003533886084427229,0.8287990084835752,33.862448963184015,0.20992778310986343,0.005747194163991408,0.00847664698938257,203.99193735087198
258.60250023094363,0.4917315826736241,0.007414477268626797,19.237117615892117,0.0008352095395047493,1.4490750201182978,31.404682048308715,0.48352555095208954,0.01962761551296862,0.026445493443261095,82.24130355590998
38.23528617304429,0.37990649277744304,0.006305078085828523,290.79258378196175,0.0008380960814415884,0.6544218387118966,29.637455888639977,0.3475086995878875,0.0035212969750413074,0.15334380335265632,69.41127175079046
68.84334206737245,0.22357405523756613,0.007152576720333627,265.3681937191009,0.00018335713466771487,0.4746060382970368,108.7505496625244,0.31247395831428565,0.022962066555533595,0.001002315316317862,160.90049516780292
359.9289044681963,0.5715185635977945,0.007213430092765712,278.47018039217346,0.0036820100753282028,0.7641513756319637,29.94554398194073,0.18315840569279176,0.010892430267311265,0.08389659986797615,239.8199281353886
244.53947856553802,0.4824645090621767,0.006848261342604772,298.4825311486377,0.0033190226381090253,0.664872416063036,32.63396713543572,0.5597346944653616,0.002003771404125589,0.10497952603603211,174.93130107494525
8.632835388568711,0.12220568814797499,0.007472888471249446,53.82078426740721,0.0023731543787490696,0.16744037954999844,91.12779149015564,0.24423887432994307,0.016311615898642433,0.011872249580193488,43.97639752357102
45.08125943208268,0.6385397573007513,0.00786873402953803,120.0801216329923,0.004220852244845986,0.9648312088884073,53.9687810940648,0.06138473240950518,0.0033118534387728874,0.19464255443149425,9.461079593132716
267.08319879768203,0.5775506976169865,0.007851137025813554,227.9550657598192,0.004028350764750266,0.33189689193930344,93.20526683462174,0.37406924450950274,0.009732747618985184,0.04599894091868472,189.29683111293878
6.999325619256381,0.6653619401714276,0.006901678742808264,209.4141441800301,0.002926771821983761,0.9331860527977661,7.843938907726229,0.07716465215119482,0.02179534164876005,0.0615355452076199,73.37576191174536
68.51918030991197,0.5107464607879684,0.00622647609168151,47.86098008927681,0.004341356402566293,0.9787996276732486,58.50854324080612,0.21368165425299832,0.003755309405412244,0.06148455993875044,69.05156927881221
221.74984679980153,0.433256485195695,0.00796968239792467,245.1182712472041,0.0010292060501838412,0.23651703116168568,4.033632021993916,0.3093730438435072,0.025501477785968063,0.046852915761352636,142.58646717192815
278.29860308861385,0.298587695040527,0.007677796172891868,68.88329040732488,0.0005595980969886394,0.10141094439489555,7.518384414642543,0.5257912895642537,0.002106957834440327,0.0012932905951759718,134.85589812369582
262.5246975035272,0.6535826535142691,0.006249325362406534,68.69764921714167,0.0013487480575849482,1.1733347632419753,108.77249440132931,0.30119248240067,0.008911068337653262,0.14613961402351128,123.46157196909428
93.58637723692111,0.6075840837552817,0.007841683765234746,162.01837802223724,0.00028543428044657427,0.695102631416287,16.70944453411142,0.4243326719586819,0.022745313572258,0.1934022544600578,93.69512894563873
286.3107924322767,0.041200882373270686,0.007739792724124257,178.69610058282754,0.0026558476400051602,0.09666405530315893,63.890481873026054,0.5957619350094515,0.01085556419242059,0.04563440317372397,159.8430659159111
98.71338956123603,0.02819321240310388,0.007037676114252144,174.86568993566772,0.004683028461474808,1.492350812582953,49.331472312084784,0.08757858073980915,0.004852986865848378,0.13294639116888107,91.20172765522616
133.53288077291074,0.2697597231458542,0.007182550871489859,29.26307754453095,0.00019671770334254825,0.09609303588458629,41.68119915106112,0.17209160005651652,0.01208654972641198,0.1486373690647843,48.54747660033689
299.86410502161954,0.5692817982394647,0.006798005407740261,263.48333706385336,0.000610549570050134,1.0456024909992443,107.9800014824727,0.24279988460261137,0.009571012018766714,0.16983665043901444,228.24218329687963
261.6049951236498,0.6912205292273116,0.006109523277644063,81.1488126914344,0.0022609951414171766,1.4756815986424863,2.61880761305874,0.2588786253379105,0.025595933260495536,0.08510321020570823,146.58055935591878
340.4432471452003,0.11378765486143444,0.006670394483291802,40.595446542275646,0.004669375087639525,0.3663783552817292,79.6547623410707,0.25250243440667197,0.010773741692384008,0.06128325022244542,155.63070035098576
264.7570924586356,0.4199501935929732,0.007605706897196023,266.8469278009552,0.0015807805248837525,0.2219515593439223,115.60733210562606,0.5454904915083674,0.0240901092097282,0.0657337316705832,204.0992112728327
229.48189831751128,0.27281469107540485,0.006009264046009206,286.7841464724665,0.0025361740434419622,0.19086355973941907,67.22018201542103,0.43127926023544527,0.026972420054700567,0.14281164528660406,158.97220151028404
42.001533292096525,0.6792409344920761,0.006666998343382288,258.9140299451043,0.00020786429525196048,0.4618799698757174,112.41869544397102,0.3686640763135152,0.014146887748142826,0.16353911383462158,105.3801562725914
150.24774220847624,0.591062056963639,0.006796337387181887,243.23579026801366,0.0007417160048104444,0.16055825840586357,6.270945514322852,0.19252990353904142,0.027478408027922972,0.03714117958356393,133.02520165624034
109.75493523428155,0.5884468062506851,0.007074791205875846,197.26211023042848,0.0049331506147942345,1.0413203991242566,50.255198288899365,0.49603632669056386,0.012564905510969398,0.07481726062339528,163.07472918797475
101.37590913473801,0.33339828025852947,0.007839711232825522,166.15549644152352,0.004825593482180228,0.10281477921379341,31.21893491544614,0.5734857017761434,0.028994195661723024,0.18048609915308086,72.882741363924
389.339169127216,0.29622545661298894,0.0066926919887319225,27.92205445360022,2.4699904672048078e-05,0.7690389709431866,87.69851579768758,0.4945069867046336,0.004500106686716042,0.1615320104192531,206.59037258349852
160.27360124337036,0.1986508796321873,0.0066939064037924555,123.71905749506821,0.004759058927116195,1.4950783122409355,117.7556508596696,0.010923412062969014,0.021236539462090795,0.1969868221497327,138.8460537213513
357.35838929495975,0.04889909268913971,0.007475002496219497,113.06117806966957,0.003195599689077502,1.222815701563968,30.783607493309738,0.38547680840821014,0.015826793132794004,0.15109540367673407,187.12581729660897
254.29975726891885,0.6066584396159866,0.006904435881779614,79.4066275605772,0.00433959147260011,0.9266769629642062,78.50095217688893,0.040169875050839424,0.012854166552758117,0.07924584500455653,172.5064622670377
318.9504648989511,0.5709016962997535,0.006449209645879964,217.5791938791983,0.0022736992781692954,0.4663178949720514,23.771715931168814,0.1619882599968959,0.019715932604960823,0.11853692896493292,203.88434801028345
203.54165177655088,0.6998051945674301,0.006904879032265387,149.7709690534737,0.0025779801428962514,0.9396047960745413,67.83963054859319,0.045119573205185295,0.02170799856576127,0.13254183659521673,144.32817516738848
232.87703442741184,0.6976794175809947,0.0062817140407595996,26.151772340479084,0.002444232901284601,0.795291781228361,55.67189840260034,0.36623931724013875,0.0021221715502086546,0.016612707447107668,108.31493050919985
199.54448905845123,0.3932478768658129,0.006352773973012447,67.61459418104378,0.0033343212877305216,0.6448642419966535,116.64063955578445,0.415088048960638,0.006674686484921564,0.10935489486166916,142.10324009967948
82.12098018022758,0.5406013164745522,0.006996735545478959,205.6111115705596,0.0006982562737815645,0.2047584613428972,73.02327272357599,0.07754770645888401,0.021965289417760922,0.14215484486604932,127.43252882547586
290.3685855282946,0.6618883536188753,0.006837850899009096,24.686996128109456,0.00014986794936338977,1.3310402807082955,41.94076465041825,0.2364649409965379,0.02065879158018978,0.034296939496211015,117.35839648003383
115.90508316413803,0.5962566995674139,0.007829691802136201,255.65966038653306,0.0015396497079559546,0.6801791267437706,13.691494186552005,0.2791795402837698,0.02904933014360296,0.15634571176768589,98.76051832462397
14.604806740424266,0.1806701902028064,0.006724787798233266,149.55366505016434,0.0035234038136832337,0.29998754261294,18.149619448192148,0.2277412828389408,0.02330905812702192,0.11717078332230822,49.39195566951743
259.9615568833313,0.3208754533639645,0.007161176700556087,145.2148000433411,0.001009267260614742,0.5579614328071615,27.03803159414821,0.08140475028626389,0.02862163581647746,0.19049213535382134,135.6242387143035
74.95871836578434,0.09911999645453153,0.007264528575839061,178.53751982853623,0.0033671621666245865,0.6270533312681013,30.115999360835758,0.2571791962106105,0.02167113404297459,0.009442037343171446,86.8096321387689
376.48114081940116,0.6682952088085184,0.006026188913176667,247.75492784569445,0.004849560230536352,1.2430314643946427,102.07392694093653,0.45319504820696666,0.010345461841904408,0.05379990137353793,265.0173256921083
381.801787916022,0.4282604977711072,0.007327074744033421,105.64714395485353,0.00046950357894709195,1.1030854270364892,67.346734593903,0.051894522074620725,0.00495021782302398,0.120709221980665,185.38943828215196
366.3714341370772,0.16776353579738928,0.006356071933739503,204.04881346260095,0.0033630105911256316,1.1562642915255963,62.806909364923975,0.05730620830832304,0.023891068173658193,0.06001542252898021,216.34166970761143
151.21268660090053,0.4734734722400411,0.00792214063493891,170.58812527074573,0.002218751096522856,0.02643658399868435,13.772264624306096,0.21931506218323069,0.020036178201325645,0.14317040865017722,114.9112888413077
11.105363528902634,0.4365084859159481,0.006297325455506226,81.57442451048756,0.004340711271887527,0.6300694572878447,103.2167632019322,0.5656181698551658,0.003349208347012294,0.1520420512218643,61.40915499328015
371.68583222215153,0.25713227544265993,0.006829248247454047,263.8317359338371,0.0008857489472369295,0.7272027859366322,86.73771638501805,0.4044578615665193,0.012081413045227392,0.021400676849228417,195.92453906016533
174.13273858533915,0.08835473861774401,0.006170699336157288,239.63295443886457,0.0034631297611308226,0.038596492466354465,8.12020342800019,0.4104152744368132,0.02879039483356001,0.10325703837714678,130.65442136071718
386.82865352224945,0.4733855049590317,0.007993748503691896,198.21864672821079,0.004190576448240551,0.397121681030101,84.94021166757224,0.22353279459434033,0.016011232079885633,0.10226922056262013,231.1871917023098
385.6298909502549,0.36901231362361736,0.007004390020662485,255.47335527008408,0.004723071097370116,1.1428318364519812,65.22458608111752,0.3602598668130377,0.01411641580855173,0.07448687327289268,264.71074760872665
341.9387349096072,0.5428996902975911,0.007190770034640088,260.4536718860211,0.003416240141448229,0.2142934615362086,9.80704148961339,0.015977398576368592,0.01481558894446023,0.18665204765136476,206.5616200401691
121.30731236748635,0.3689128157672754,0.006134152954776855,213.09216706108037,0.0024858738200421366,0.8076120958643616,54.996076983438776,0.3852966673816299,0.007848716272144583,0.16567375765477102,83.20443894710989
157.11360279776048,0.5980052352197927,0.007499920940798356,251.42997185237428,0.0030892362010060694,0.33065078930568387,58.163554455605635,0.5488392990699796,0.012323800784214264,0.13974466700001772,159.43559418848838
341.19898524915845,0.390815718754395,0.006419811186191172,209.84649557744652,0.004344524922393591,0.028059954219400975,19.89294481959309,0.3714183463234433,0.012354771167640945,0.14315100051126453,189.7403466597839
130.18419203672968,0.3970472003594165,0.0077961085788814275,204.6819499845695,0.0028530487331941486,0.3693901718233168,113.48377764003388,0.5254821701451435,0.003465940565249227,0.09288151261881071,106.74439242640229
71.94963494100654,0.614890985834258,0.006410279280964015,186.34619070812494,0.0001519352984841843,1.4640518948159802,101.99704457767943,0.4371441027249953,0.023491893598501706,0.1842779096982186,87.54143505152237
224.9364986710483,0.28840317768655394,0.006381375441327333,226.30955858817708,0.004654743477534889,1.2042902967056546,80.282680479493,0.08112946567817723,0.01366212409330861,0.13922449002340379,166.23964547467853
374.7811357935085,0.10247050763094209,0.00607309933569619,49.26432137733596,0.003447633755157806,1.4397692000383397,55.475467320072866,0.5424474512986466,0.02502103683085985,0.1460672312695075,160.96140521295456
279.93176968661436,0.02986004665620389,0.006944133890219998,264.4994862412807,0.0033825669288862327,0.73690252545028,49.41186499014102,0.04920186816990718,0.025809744031357065,0.17247648985368172,154.63868193361884
230.17416218529917,0.5310447064147971,0.0071296822665252325,261.80937126807913,0.0010783757619885859,0.17350693602948022,78.1168160581145,0.32504080880318065,0.007935833531562426,0.05554024627909601,200.2967650408737
43.384715039453575,0.4380135904338906,0.006131417278856705,10.715690344298626,0.003294427351163286,0.8264596385708025,65.45182432882865,0.09386090303814001,0.020405897500763596,0.1616071098694739,55.90563933297189
247.92785454617206,0.4958150399884642,0.007551055233390022,248.09339166829926,0.0019693220282707923,0.6870222284943417,7.472772705826274,0.016906900331233397,0.015223890516563487,0.039852879988341916,187.76213613715376
396.071270791184,0.1569452714411484,0.0069065776694960555,40.40322050708667,0.0032561648852074605,1.2680920532820277,61.50031785243981,0.259000213475307,0.026644388661801577,0.06972304849673268,157.04577304842306
60.33318601842699,0.10409631815487112,0.00704878053865516,101.86541856922429,0.0005329651515399536,0.15614304536852444,96.76843406794075,0.18407401751595218,0.008040739016940714,0.0677864803996987,65.1929830800945
209.74021268367602,0.020035819310838532,0.0068815254938764565,223.56546037489912,0.0032892265230151803,0.7374792941624495,55.10878531163497,0.29674029134058577,0.02097876960868124,0.19572656820943898,159.1306306125174
351.5623634115424,0.2519054155765519,0.006801526121750652,49.90644902239585,0.004997068628853333,0.23357251039403656,6.2347893065122095,0.35054793317338495,0.01901705942307623,0.17145090752583744,168.53824645908622
297.60360401291075,0.4170432039296968,0.007119280662616436,245.75417318748055,0.00024106019430278014,0.49376713106618936,94.35338392608398,0.03580605266227894,0.010268441372011317,0.1405328024564617,220.3032449020683
280.32121769313085,0.2806483911188153,0.006310480491861425,249.97598503140708,0.0048858709211065865,1.1086620453078215,24.163653856316927,0.08257194412300992,0.005824825302232833,0.14568429556146265,176.0823213263396
282.48121317490813,0.31185769619637305,0.006363856260990543,153.2253846607292,0.002034539803614353,0.7192670127594621,31.034500186564653,0.3395990139057509,0.02024591329336374,0.11285248608611165,165.28500304099077
146.9990047318033,0.6338694992006864,0.007723571242027035,3.902989771616407,0.004353767251686296,0.5700735448671963,19.76476241187551,0.21246873837186836,0.022680728827705256,0.1894710427545953,72.11065994919029
120.96877848447488,0.2502962722460772,0.007892230924267265,87.53736368612401,0.003911927420291368,0.5977696550693526,39.625807784579706,0.4402123576541743,0.010837565625373798,0.09975549182358995,109.74184354698
324.6976564140129,0.36465274752026944,0.006746618632559506,185.84422167597117,0.002835081304933339,0.6945756849249201,90.8101806826362,0.3948520726692444,0.020055312912624787,0.07672302426410901,213.375167875884
324.9947908982764,0.5507205787913887,0.006541489346287108,294.3934810521722,0.003692246046256633,1.1796746503172149,62.32630314047248,0.508906574164045,0.01306366541312209,0.03344403204938661,243.48490815232563
347.49356583914096,0.2836145198016764,0.007287999086478031,190.28043105096717,0.00439257780650674,1.3392061865209492,24.585752898085506,0.4185707677348429,0.021969792731913296,0.15745492479995055,201.48481884373848
365.7300182598062,0.4392398231572327,0.006817468342196193,79.42146715711962,0.0020207016082551647,1.433448682890853,105.3396093782449,0.2636593356601874,0.007578027697033487,0.1471543424830427,214.16090192616377
206.98024755007043,0.6050309590352542,0.00605077271132069,190.93369952368417,0.0016351658078161936,1.1824860455203896,105.5498225941835,0.4070503072127151,0.02692602007381288,0.07748665266630285,164.1367349772204
203.09893640144384,0.6651692303237731,0.006312305194732381,162.91564315532494,0.0033379669278179236,0.479956274664539,104.46941100552083,0.17247489281069692,0.010047468701036231,0.006013489377886643,128.58117760957836
320.3265956918762,0.11148070184103616,0.0074319444576947955,234.39392775504078,0.004039229709706293,1.0353207120689478,28.655545365784715,0.19072496427914548,0.01229800765717228,0.16796046821588415,230.83911396858397
261.73575265721723,0.6493454613614311,0.007317847883820303,33.88023037043361,0.003811425673883079,0.6620286548425339,54.148721301718574,0.47550124435326807,0.0036265746582497937,0.003272178707360653,136.97265085619654
282.2769165167928,0.34956024222488136,0.006054191985006967,228.78631494560435,0.003989068244293173,0.3894592268486163,118.198758736905,0.27338751467693345,0.005122341944995739,0.14103625614618115,190.44194149956215
319.3381044272599,0.18818862792628124,0.0064439443238658994,163.29744044548087,0.002177916574064665,1.2628986533446247,92.64149715719884,0.48104440090582795,0.016444133275945187,0.19408116483548538,181.07319599966786
356.5521100179387,0.3268036718044003,0.006462149593176143,288.9716171499804,0.004089171080875108,0.06725525995386425,3.260090547067178,0.49522920046428426,0.009492594948383202,0.08809460430149249,235.76589905955132
138.50808695635664,0.6862224769469791,0.007343785487197457,103.87790547952845,0.0006010452768530423,1.3536253682817811,7.824550951259046,0.5159617792201574,0.025393446320781443,0.0477597075941946,97.04638571240102
153.35526629277788,0.34990648485508,0.006039421075508728,190.52132415391654,0.002722445489804248,0.6976014222908539,55.67176521747993,0.5508147891463123,0.0024114148823387075,0.14126933099863298,130.83682737123536
42.122866237143256,0.23683861109838067,0.0062082171639691475,279.7443754419852,2.8793302490607852e-05,0.9594302004443378,109.10642470338722,0.2642812801028448,0.012614633362814213,0.16360850026110146,123.39347084675545
233.42065569348873,0.44704658947854076,0.007599832170746379,32.547898941222414,0.0016229291495013516,0.9924373440866162,64.6442157543257,0.1981314228094719,0.011445675309534595,0.10973963289949162,146.853551046313
19.197198149713124,0.1757004769569532,0.006357089324108668,281.29408919646244,0.0018323076743569893,1.343725433652739,59.73750096411483,0.35349726049052715,0.002541173665692829,0.1934400197759731,122.49454025999502
188.91121716232175,0.062345696394978105,0.007305492215703749,206.9899452456424,0.001980863458046277,0.9586378264291389,12.65684399479567,0.22899172982820026,0.005482315172014286,0.011282075609934258,143.3903318050521
219.34463070949278,0.09892700811834795,0.006476365562093453,22.21544361334123,0.0034773360334493107,0.924761041292492,78.81361256691528,0.3646337584121374,0.013581994897721786,0.1014543240626011,125.08001013783156
118.18379459067233,0.09835162888086298,0.00619888278551869,91.68714295015124,0.0019427905063517288,0.10931154043542804,98.65237927202706,0.4262956589598565,0.015800208364528504,0.14397233551718747,68.9574707222301
238.37913792475925,0.1148128585234831,0.006486344381998908,213.0352824162939,0.002243468113112653,0.7824279526983541,45.65040090090748,0.41615896091036075,0.013320112923136333,0.17266545375868664,174.1031850009892
17.047598725924523,0.10579074912809298,0.007444533863711318,22.070479237693966,0.0011877206543716374,0.23375181121739208,93.07342211103929,0.2309862033418716,0.016866254995538628,0.03667186676965022,63.603350852090855
19.752534555939697,0.45220357391421806,0.007711392936212572,175.48679713252943,0.0018662589581467004,1.1087763153950134,115.73719846809739,0.10844751900226415,0.01866368689735908,0.1602006928709726,73.57067287137372
329.927221460565,0.13549725823540992,0.007660439729133984,105.07315097198111,0.0011363481363157574,0.773210662010885,24.45197509532269,0.26401230969270245,0.0022778669915793975,0.11098870806799052,150.23205048799528
147.27530335744885,0.2485104254934656,0.00679436705923691,187.03282429470818,0.0003659796188422182,1.0235393910204464,62.799555743368956,0.09413054500832614,0.014994664464698108,0.07991418271600269,111.41479892549035
55.18890249749449,0.6287840028351481,0.007336170273141292,15.63112607612883,0.0030172429669068895,0.07209262189755256,34.456554970149064,0.5351572507584469,0.028977978744852473,0.027211290687239622,10.176156058213632
211.28608772164773,0.3370335317813819,0.006409968590831642,261.71796823340816,0.0033410639927750813,0.1363401039082468,95.14253028406073,0.21406770183533588,0.016532903843627364,0.17319385602287357,161.62979351554958
309.14745347395126,0.4706148395795087,0.006586295460522027,292.0997128148643,0.0030974517300480725,1.0773218482133966,69.3112039057389,0.10113125086176103,0.020971183488850687,0.03229736842776336,214.29267881058442
90.24930586125305,0.12890071112912457,0.007792671637042239,290.7256008751361,0.0023174702190028617,0.11740566063802331,76.14989010603645,0.02501417834439302,0.010732188021672728,0.06264778398261076,106.63510903073339
251.0417379485051,0.14267942297798283,0.006026003847021472,225.39624585939157,0.0018989289008961492,0.1161725243702353,95.74969915390729,0.3910352079090257,0.02367175858827735,0.05871906086052494,182.7354290494425
38.71224867253836,0.03819934522387041,0.006171017061708937,40.765699558928326,0.0043166682478591265,0.0280416280999823,47.516456719494585,0.3857723672982985,0.02364180149253122,0.17441139280398002,52.916708839490525
